<features>
  <repository>mvn:org.apache.camel.karaf/apache-camel/${camel-version}/xml/features</repository>
  <repository>mvn:org.apache.cxf.karaf/apache-cxf/${cxf-version}/xml/features</repository>

  <feature name='twitter-api' version='${project.version}'>
    <feature>war</feature>
    <feature version="${camel-version}">camel</feature>
    <feature version="${camel-version}">camel-cxf</feature>
    <feature version="${camel-version}">camel-jaxb</feature>
    <feature version="${camel-version}">camel-jackson</feature>
    <feature version="${cxf-version}">cxf-jaxrs</feature>
    <feature version="${cxf-version}">cxf-http-jetty</feature>
    <feature version="${cxf-version}">cxf-rs-security-oauth</feature>
    <bundle>mvn:com.fasterxml.jackson.jaxrs/jackson-jaxrs-base/${jackson-version}</bundle>
    <bundle>mvn:com.fasterxml.jackson.jaxrs/jackson-jaxrs-json-provider/${jackson-version}</bundle>
    <bundle start-level="90">mvn:homework/api/${project.version}</bundle>
  </feature>

</features>